category	url
practice-js	https://quotes.toscrape.com/js/
practice-js-delayed	https://quotes.toscrape.com/js-delayed/
practice-scroll	https://quotes.toscrape.com/scroll
practice-static	https://quotes.toscrape.com/
practice-static	https://books.toscrape.com/
practice-scroll	https://webscraper.io/test-sites/e-commerce/scroll
practice-load-more	https://webscraper.io/test-sites/e-commerce/more
practice-ajax	https://webscraper.io/test-sites/e-commerce/ajax
practice-table	https://webscraper.io/test-sites/tables
practice-ajax	https://www.scrapethissite.com/pages/ajax-javascript/
practice-static	https://www.scrapethissite.com/pages/simple/
static	https://en.wikipedia.org/wiki/Web_scraping
static	https://news.ycombinator.com/
static	https://docs.python.org/3/library/asyncio.html
static	https://pypi.org/project/requests/
docs	https://developer.mozilla.org/en-US/docs/Web/API/Intersection_Observer_API
docs	https://react.dev/learn
docs	https://vuejs.org/guide/introduction.html
docs	https://docs.firecrawl.dev/introduction
app	https://www.npmjs.com/package/react
app	https://github.com/trending
app	https://github.com/firecrawl/firecrawl
app	https://openlibrary.org/search?q=web+scraping
app	https://www.timeanddate.com/worldclock/
news	https://www.bbc.com/news
news	https://lobste.rs/
data	https://www.worldometers.info/world-population/
data	https://forecast.weather.gov/MapClick.php?lat=42.36&lon=-71.06
data	https://status.github.com/
data	https://www.ycombinator.com/companies/firecrawl
